margin,manufacturing-cost,number-of-friendships,monthly-fee,random-join?,number-of-persons,network-profit,network-sale-revenue,network-fee-revenue,network-sponsor-cost,network-manufacturing-cost
0.01,0.8,300,100,TRUE,300,5443,29216.88,300,464.55,23609.6
0.01,0.8,300,100,TRUE,300,4363,22976.91,200,246.43,18567.2
0.01,0.8,300,100,TRUE,300,4349,25193.52,300,785.76,20358.4
0.01,0.8,300,100,TRUE,300,2364,11815.65,100,3.57,9548
0.01,0.8,300,100,TRUE,300,6222,35541,400,999.26,28720
0.01,0.8,300,100,TRUE,300,5525,30907.8,400,806.38,24976
0.01,0.8,300,100,TRUE,300,3061,15475.68,100,9.36,12505.6
0.01,0.8,300,100,TRUE,300,6837,41282.01,400,1485.8,33359.2
0.01,0.8,300,100,TRUE,300,3066,15504.39,100,9.42,12528.8
0.01,0.8,300,100,TRUE,300,5803,33390.72,300,904.83,26982.4
0.02,0.8,300,100,TRUE,300,4219,25920.02,300,842.1,21159.2
0.02,0.8,300,100,TRUE,300,3986,21827.54,200,223.38,17818.4
0.02,0.8,300,100,TRUE,300,2895,15321.32,100,18.78,12507.2
0.02,0.8,300,100,TRUE,300,8975,53358.06,800,1625.56,43557.6
0.02,0.8,300,100,TRUE,300,5540,35908.18,500,1555.39,29312.8
0.02,0.8,300,100,TRUE,300,2309,12105.94,100,14.82,9882.4
0.02,0.8,300,100,TRUE,300,5470,34862.52,500,1432.83,28459.2
0.02,0.8,300,100,TRUE,300,6909,36410.92,400,178.82,29723.2
0.02,0.8,300,100,TRUE,300,5892,39422.46,500,1848.78,32181.6
0.02,0.8,300,100,TRUE,300,2922,15467.34,100,18.96,12626.4
0.03,0.8,300,100,TRUE,300,3186,18187.5,200,201.88,15000
0.03,0.8,300,100,TRUE,300,2948,16578.27,200,157.59,13672.8
0.03,0.8,300,100,TRUE,300,8729,61107.09,600,2580.17,50397.6
0.03,0.8,300,100,TRUE,300,4986,32408.67,300,993.67,26728.8
0.03,0.8,300,100,TRUE,300,3703,21307.99,200,231.75,17573.6
0.03,0.8,300,100,TRUE,300,5824,35666.9,400,826.51,29416
0.03,0.8,300,100,TRUE,300,2149,11814.6,100,21.9,9744
0.03,0.8,300,100,TRUE,300,5367,33655.12,300,831.27,27756.8
0.03,0.8,300,100,TRUE,300,4637,27110.53,400,514.26,22359.2
0.04,0.8,300,100,TRUE,300,3554,24122.88,300,766.03,20102.4
0.03,0.8,300,100,TRUE,300,3279,19313.67,200,305.91,15928.8
0.04,0.8,300,100,TRUE,300,5725,37936.32,500,1097.55,31613.6
0.04,0.8,300,100,TRUE,300,5538,36860.16,400,1004.9,30716.8
0.04,0.8,300,100,TRUE,300,2429,14184.96,100,35.46,11820.8
0.04,0.8,300,100,TRUE,300,2364,13788.48,100,34.5,11490.4
0.04,0.8,300,100,TRUE,300,6019,40597.44,400,1147.47,33831.2
0.04,0.8,300,100,TRUE,300,5541,40882.56,400,1672.82,34068.8
0.04,0.8,300,100,TRUE,300,4990,36285.12,400,1457.59,30237.6
0.04,0.8,300,100,TRUE,300,2600,15168,200,127.92,12640
0.04,0.8,300,100,TRUE,300,8277,59570.88,600,2251.47,49642.4
0.05,0.8,300,100,TRUE,300,5134,38206.15,600,1498.54,32173.6
0.05,0.8,300,100,TRUE,300,5603,47688.1,600,2526.27,40158.4
0.05,0.8,300,100,TRUE,300,11057,84672.55,1400,3712.16,71303.2
0.05,0.8,300,100,TRUE,300,5668,47997.8,700,2610.34,40419.2
0.05,0.8,300,100,TRUE,300,7993,65730.5,700,3085.09,55352
0.05,0.8,300,100,TRUE,300,6327,49070.35,600,2020.87,41322.4
0.05,0.8,300,100,TRUE,300,4104,30754.35,300,1051.65,25898.4
0.05,0.8,300,100,TRUE,300,9036,72740.55,1100,3548.86,61255.2
0.05,0.8,300,100,TRUE,300,9235,72542.95,900,3119.57,61088.8
0.05,0.8,300,100,TRUE,300,6461,47151.35,600,1583.95,39706.4
0.06,0.8,300,100,TRUE,300,11143,89362.98,1500,3666.15,76053.6
0.06,0.8,300,100,TRUE,300,10647,87616.46,1400,3802.58,74567.2
0.06,0.8,300,100,TRUE,300,8730,71167.4,800,2669.5,60568
0.06,0.8,300,100,TRUE,300,8272,69127.6,1000,3023.9,58832
0.06,0.8,300,100,TRUE,300,8637,74592.76,1000,3472.28,63483.2
0.06,0.8,300,100,TRUE,300,8423,70119.3,900,2920.59,59676
0.06,0.8,300,100,TRUE,300,9972,84837.82,1300,3962.98,72202.4
0.06,0.8,300,100,TRUE,300,8951,69819.44,1100,2547.15,59420.8
0.06,0.8,300,100,TRUE,300,8158,66163.78,900,2596.66,56309.6
0.07,0.8,300,100,TRUE,300,9797,110885.76,1500,7203.43,95385.6
0.06,0.8,300,100,TRUE,300,9697,94691.84,1200,5606.04,80588.8
0.07,0.8,300,100,TRUE,300,10962,104093.97,1400,4989.14,89543.2
0.07,0.8,300,100,TRUE,300,11126,107428.95,1600,5491.05,92412
0.07,0.8,300,100,TRUE,300,10293,101071.47,1700,5535.07,86943.2
0.07,0.8,300,100,TRUE,300,11081,99286.8,1400,4197.35,85408
0.07,0.8,300,100,TRUE,300,11259,110307.3,1400,5560.63,94888
0.07,0.8,300,100,TRUE,300,9522,82440.78,1200,3202.03,70916.8
0.07,0.8,300,100,TRUE,300,7655,70769.28,1100,3337.37,60876.8
0.07,0.8,300,100,TRUE,300,10488,106169.73,1600,5952.49,91328.8
0.07,0.8,300,100,TRUE,300,8611,88323.03,1400,5135.08,75976.8
0.08,0.8,300,100,TRUE,300,9771,135287.84,2100,9975.22,117641.6
0.08,0.8,300,100,TRUE,300,14704,149616.84,2800,7611.24,130101.6
0.08,0.8,300,100,TRUE,300,7504,88221.56,1300,5303.43,76714.4
0.08,0.8,300,100,TRUE,300,10989,123503.56,2200,7320.5,107394.4
0.08,0.8,300,100,TRUE,300,9879,115188.6,2000,7145.43,100164
0.08,0.8,300,100,TRUE,300,8420,98789.6,1600,6065.54,85904
0.08,0.8,300,100,TRUE,300,9488,97326.8,1600,4806.98,84632
0.08,0.8,300,100,TRUE,300,8393,94540.12,1700,5638.29,82208.8
0.08,0.8,300,100,TRUE,300,9007,121182.4,2100,8899.06,105376
0.09,0.8,300,100,TRUE,300,10056,130750.62,2500,8248.99,114945.6
0.08,0.8,300,100,TRUE,300,10336,111599.68,2000,6220.37,97043.2
0.09,0.8,300,100,TRUE,300,7921,131412.19,2400,10364.16,115527.2
0.09,0.8,300,100,TRUE,300,8882,124917.52,2300,8517.99,109817.6
0.09,0.8,300,100,TRUE,300,9077,115620.96,2100,6999.12,101644.8
0.09,0.8,300,100,TRUE,300,10345,133454.23,2400,8187.33,117322.4
0.09,0.8,300,100,TRUE,300,11268,140038.08,2600,8260.12,123110.4
0.09,0.8,300,100,TRUE,300,7231,128913.33,2100,10452.23,113330.4
0.09,0.8,300,100,TRUE,300,10096,117069.68,2000,6055.04,102918.4
0.09,0.8,300,100,TRUE,300,7526,127764,2600,10518.15,112320
0.09,0.8,300,100,TRUE,300,10861,139122.62,2500,8456.5,122305.6
0.1,0.8,300,100,TRUE,300,11020,161959.5,3700,10675.57,143964
0.1,0.8,300,100,TRUE,300,10802,144859.5,2900,8193.72,128764
0.1,0.8,300,100,TRUE,300,10495,158929.2,3000,10164.18,141270.4
0.1,0.8,300,100,TRUE,300,8622,126392.4,2800,8221.59,112348.8
0.1,0.8,300,100,TRUE,300,10820,151653.6,3100,9130.44,134803.2
0.1,0.8,300,100,TRUE,300,7897,155083.5,2600,11934.67,137852
0.1,0.8,300,100,TRUE,300,7346,141442.2,2600,10969.74,125726.4
0.1,0.8,300,100,TRUE,300,8980,158574.6,2900,11539.66,140955.2
0.1,0.8,300,100,TRUE,300,11611,148167,3000,7852.4,131704
0.1,0.8,300,100,TRUE,300,11194,158796.9,3100,9549.91,141152.8
0.11,0.8,300,100,TRUE,300,6541,142466.75,2500,10366.19,128060
0.11,0.8,300,100,TRUE,300,7871,137783.57,2900,8961.73,123850.4
0.11,0.8,300,100,TRUE,300,10095,176032.21,3500,11205.63,158231.2
0.11,0.8,300,100,TRUE,300,8820,156426.4,3000,9998.43,140608
0.11,0.8,300,100,TRUE,300,8626,158031.07,3200,10554.53,142050.4
0.11,0.8,300,100,TRUE,300,7710,154233.44,2700,10587.03,138636.8
0.11,0.8,300,100,TRUE,300,9276,154553.84,3100,9453.23,138924.8
0.11,0.8,300,100,TRUE,300,9549,157468.59,3600,9974.78,141544.8
0.11,0.8,300,100,TRUE,300,5828,135971.53,2400,10321.85,122221.6
0.11,0.8,300,100,TRUE,300,6652,142860.13,2600,10394.51,128413.6
0.12,0.8,300,100,TRUE,300,7805,171431.92,3400,11179.6,155847.2
0.12,0.8,300,100,TRUE,300,10130,176104.72,4000,9879.41,160095.2
0.12,0.8,300,100,TRUE,300,9325,171702.96,3900,10184.29,156093.6
0.12,0.8,300,100,TRUE,300,5907,170004.56,3200,12748.26,154549.6
0.12,0.8,300,100,TRUE,300,4966,169659.6,3700,14157.49,154236
0.12,0.8,300,100,TRUE,300,6966,180743.2,3700,13165.14,164312
0.12,0.8,300,100,TRUE,300,7149,160190.8,3500,10913.85,145628
0.12,0.8,300,100,TRUE,300,6919,158829.44,3800,11320.22,144390.4
0.12,0.8,300,100,TRUE,300,5169,157248.96,3400,12526.35,142953.6
0.12,0.8,300,100,TRUE,300,5679,164632.16,3400,12687.09,149665.6
0.13,0.8,300,100,TRUE,300,6781,183399.48,3900,11875.72,168643.2
0.13,0.8,300,100,TRUE,300,6690,182406.81,3700,11686.66,167730.4
0.13,0.8,300,100,TRUE,300,5492,169999.74,3800,11986.4,156321.6
0.13,0.8,300,100,TRUE,300,7196,186393.15,4200,12001.63,171396
0.13,0.8,300,100,TRUE,300,9368,190946.73,4000,9995.87,175583.2
0.13,0.8,300,100,TRUE,300,6221,178570.98,4000,12146.37,164203.2
0.13,0.8,300,100,TRUE,300,5482,168381.54,3800,11865.7,154833.6
0.13,0.8,300,100,TRUE,300,5084,184709.7,3900,13677.3,169848
0.13,0.8,300,100,TRUE,300,4357,176220.24,3700,13521.5,162041.6
0.13,0.8,300,100,TRUE,300,8095,173342.28,4400,10251.72,159395.2
0.14,0.8,300,100,TRUE,300,3541,187442.16,4300,13836.67,174364.8
0.14,0.8,300,100,TRUE,300,3951,171576.02,3700,11718.94,159605.6
0.14,0.8,300,100,TRUE,300,6066,188184.34,4200,11262.8,175055.2
0.14,0.8,300,100,TRUE,300,1817,173442.22,3800,14083.68,161341.6
0.14,0.8,300,100,TRUE,300,2676,206959.86,4600,16362.63,192520.8
0.14,0.8,300,100,TRUE,300,3862,176600.14,4000,12458.47,164279.2
0.14,0.8,300,100,TRUE,300,8806,177659.66,5100,8689.27,165264.8
0.14,0.8,300,100,TRUE,300,4872,179617.88,4700,12359.49,167086.4
0.14,0.8,300,100,TRUE,300,5540,185001.48,4700,12067.5,172094.4
0.14,0.8,300,100,TRUE,300,4025,178763.04,4300,12746.76,166291.2
0.15,0.8,300,100,TRUE,300,-238,196446.9,4400,16193.92,184891.2
0.15,0.8,300,100,TRUE,300,1027,168282.15,4200,13072.44,158383.2
0.15,0.8,300,100,TRUE,300,-67,206122.45,4900,17091.4,193997.6
0.15,0.8,300,100,TRUE,300,4645,184579.2,4500,10712.33,173721.6
0.15,0.8,300,100,TRUE,300,871,171639.65,4500,13725.44,161543.2
0.15,0.8,300,100,TRUE,300,3006,194876.95,4500,12957.63,183413.6
0.15,0.8,300,100,TRUE,300,3001,202204.8,4700,13593.05,190310.4
0.15,0.8,300,100,TRUE,300,-1315,194927.1,4000,16781.19,183460.8
0.15,0.8,300,100,TRUE,300,-1318,178851.9,4200,16038.63,168331.2
0.15,0.8,300,100,TRUE,300,1263,188088,4200,14000.78,177024
0.16,0.8,300,100,TRUE,300,578,185895.36,4500,12773.92,177043.2
0.16,0.8,300,100,TRUE,300,2423,216500.76,5500,13386.34,206191.2
0.16,0.8,300,100,TRUE,300,-5,208072.2,5600,15513.66,198164
0.16,0.8,300,100,TRUE,300,-2420,203827.68,4800,16925.75,194121.6
0.16,0.8,300,100,TRUE,300,2510,194149.2,5300,12035.35,184904
0.16,0.8,300,100,TRUE,300,-209,192526.32,4800,14177.12,183358.4
0.16,0.8,300,100,TRUE,300,-359,205191.84,5000,15130.48,195420.8
0.16,0.8,300,100,TRUE,300,-285,199818.36,4500,14300.46,190303.2
0.16,0.8,300,100,TRUE,300,1964,191249.52,4900,12043.44,182142.4
0.16,0.8,300,100,TRUE,300,-1362,195549.48,4900,15573.63,186237.6
0.17,0.8,300,100,TRUE,300,-4257,195259.16,5100,16414.61,188201.6
0.17,0.8,300,100,TRUE,300,-1792,194439.12,4500,13320.32,187411.2
0.17,0.8,300,100,TRUE,300,-1804,202967.37,5400,14539.73,195631.2
0.17,0.8,300,100,TRUE,300,1453,175495.2,4900,9790.23,169152
0.17,0.8,300,100,TRUE,300,-1421,195066.6,5400,13871.94,188016
0.17,0.8,300,100,TRUE,300,-2707,200610.17,5800,15758.43,193359.2
0.17,0.8,300,100,TRUE,300,-3148,213503.39,5300,16165.22,205786.4
0.17,0.8,300,100,TRUE,300,-1776,204843.17,5100,14279.64,197439.2
0.17,0.8,300,100,TRUE,300,-1840,196535.7,5400,14343.26,189432
0.17,0.8,300,100,TRUE,300,-5616,188294.63,5300,17721.53,181488.8
0.18,0.8,300,100,TRUE,300,-2584,192238.34,5300,12572.73,187549.6
0.18,0.8,300,100,TRUE,300,-6296,208317.72,6000,17377.2,203236.8
0.18,0.8,300,100,TRUE,300,-4704,206085.68,5300,15030.01,201059.2
0.18,0.8,300,100,TRUE,300,-5301,212274.22,5600,16078.12,207096.8
0.18,0.8,300,100,TRUE,300,-3566,204388.28,5300,13851.07,199403.2
0.18,0.8,300,100,TRUE,300,-2370,200654.82,5600,12864.17,195760.8
0.18,0.8,300,100,TRUE,300,-2415,190476.16,5500,12561.23,185830.4
0.18,0.8,300,100,TRUE,300,-6380,207100.02,5600,17031.21,202048.8
0.18,0.8,300,100,TRUE,300,-2892,197459.28,5500,13208.32,192643.2
0.18,0.8,300,100,TRUE,300,-6099,210679.32,5700,16937.82,205540.8
0.19,0.8,300,100,TRUE,300,-6317,198077.4,5600,14362.12,195632
0.19,0.8,300,100,TRUE,300,-4867,199362.87,6100,13428,196901.6
0.19,0.8,300,100,TRUE,300,-8494,211277.16,5500,16602.83,208668.8
0.19,0.8,300,100,TRUE,300,-6352,215530.47,6700,15712.5,212869.6
0.19,0.8,300,100,TRUE,300,-3198,191910.06,5700,11267.07,189540.8
0.19,0.8,300,100,TRUE,300,-8489,211027.68,6100,17194.51,208422.4
0.19,0.8,300,100,TRUE,300,-5977,194609.79,5900,14279.1,192207.2
0.19,0.8,300,100,TRUE,300,-9787,214655.67,6000,18437.25,212005.6
0.19,0.8,300,100,TRUE,300,-6580,198381.96,6000,15029.16,195932.8
0.19,0.8,300,100,TRUE,300,-7335,201155.4,6500,16318.16,198672
0.2,0.8,300,100,TRUE,300,-17256,197861.6,5600,22855.74,197861.6
0.2,0.8,300,100,TRUE,300,-10264,197211.2,5900,16164.08,197211.2
0.2,0.8,300,100,TRUE,300,-9314,212788.8,6300,15613.69,212788.8
0.2,0.8,300,100,TRUE,300,-7317,196471.2,6300,13616.96,196471.2
0.2,0.8,300,100,TRUE,300,-7859,216385.6,6600,14458.86,216385.6
0.2,0.8,300,100,TRUE,300,-7198,202940,6300,13498.13,202940
0.2,0.8,300,100,TRUE,300,-8886,205568,6400,15286.18,205568
0.2,0.8,300,100,TRUE,300,-8996,197616,6200,15195.8,197616
0.2,0.8,300,100,TRUE,300,-9028,210641.6,6300,15328.42,210641.6
0.2,0.8,300,100,TRUE,300,-8690,203558.4,6500,15190.03,203558.4
0.21,0.8,300,100,TRUE,300,-11398,199418.91,6000,14873.25,201943.2
0.21,0.8,300,100,TRUE,300,-11470,206572.36,6200,15054.99,209187.2
0.21,0.8,300,100,TRUE,300,-10715,204360.36,6400,14528.16,206947.2
0.21,0.8,300,100,TRUE,300,-12198,213604.15,6300,15794.36,216308
0.21,0.8,300,100,TRUE,300,-14768,211718.42,6400,18488.15,214398.4
0.21,0.8,300,100,TRUE,300,-12180,202868.05,6000,15611.9,205436
0.21,0.8,300,100,TRUE,300,-16750,211442.71,6000,20073.29,214119.2
0.21,0.8,300,100,TRUE,300,-16417,205356.55,6200,20017.38,207956
0.21,0.8,300,100,TRUE,300,-9160,208535.51,6900,13420.39,211175.2
0.21,0.8,300,100,TRUE,300,-11384,204882.55,6100,14890.16,207476
0.22,0.8,300,100,TRUE,300,-15286,202709.52,6800,16887.95,207907.2
0.22,0.8,300,100,TRUE,300,-15529,216109.92,7200,17187.87,221651.2
0.22,0.8,300,100,TRUE,300,-16394,214068.66,6700,17605.31,219557.6
0.22,0.8,300,100,TRUE,300,-16215,216219.9,6600,17271.14,221764
0.22,0.8,300,100,TRUE,300,-9576,200939.7,6800,11223.65,206092
0.22,0.8,300,100,TRUE,300,-15485,208533.78,6800,16938.25,213880.8
0.22,0.8,300,100,TRUE,300,-16055,206649.3,6300,17055.81,211948
0.22,0.8,300,100,TRUE,300,-14250,216988.98,7400,16086.35,222552.8
0.22,0.8,300,100,TRUE,300,-12540,215432.88,6500,13515.8,220956.8
0.22,0.8,300,100,TRUE,300,-15204,206061.96,6700,16619.94,211345.6
0.23,0.8,300,100,TRUE,300,-18281,205171.89,6600,16886.92,213165.6
0.23,0.8,300,100,TRUE,300,-17374,215392.1,7100,16082.6,223784
0.23,0.8,300,100,TRUE,300,-21497,201195.61,6200,19858.22,209034.4
0.23,0.8,300,100,TRUE,300,-19953,219773.4,7000,18390.38,228336
0.23,0.8,300,100,TRUE,300,-15992,214829.23,7500,15121.78,223199.2
0.23,0.8,300,100,TRUE,300,-20714,204426.53,6400,19148.91,212391.2
0.23,0.8,300,100,TRUE,300,-17681,200567.29,6600,16467.17,208381.6
0.23,0.8,300,100,TRUE,300,-14555,192319.05,6600,13662.11,199812
0.23,0.8,300,100,TRUE,300,-14884,206909.01,6900,13722.39,214970.4
0.23,0.8,300,100,TRUE,300,-17581,219513.91,7700,16728.65,228066.4
0.24,0.8,300,100,TRUE,300,-21250,211876.6,7500,17598.68,223028
0.24,0.8,300,100,TRUE,300,-18918,208920.96,7300,15221.85,219916.8
0.24,0.8,300,100,TRUE,300,-22108,219865.72,7300,17836.51,231437.6
0.24,0.8,300,100,TRUE,300,-19208,207399.44,6600,14892.24,218315.2
0.24,0.8,300,100,TRUE,300,-21093,213446.76,7200,17058.65,224680.8
0.24,0.8,300,100,TRUE,300,-22401,216316.52,7700,18716.35,227701.6
0.24,0.8,300,100,TRUE,300,-18424,204357.92,7700,15368.11,215113.6
0.24,0.8,300,100,TRUE,300,-20549,206742.04,6500,16167.7,217623.2
0.24,0.8,300,100,TRUE,300,-20998,204797.96,6800,17018.9,215576.8
0.24,0.8,300,100,TRUE,300,-18686,207211.72,7000,14780.45,218117.6
0.25,0.8,300,100,TRUE,300,-25491,205037.25,7000,18821.36,218706.4
0.25,0.8,300,100,TRUE,300,-20636,211601.25,7700,14229.28,225708
0.25,0.8,300,100,TRUE,300,-29204,215464.5,7400,22240.05,229828.8
0.25,0.8,300,100,TRUE,300,-24343,223110,7900,17368.9,237984
0.25,0.8,300,100,TRUE,300,-22606,206820,7200,16017.9,220608
0.25,0.8,300,100,TRUE,300,-24519,219981.75,7600,17453.43,234647.2
0.25,0.8,300,100,TRUE,300,-22363,197830.5,7300,16474.42,211019.2
0.25,0.8,300,100,TRUE,300,-22913,217179,7800,16234.08,231657.6
0.25,0.8,300,100,TRUE,300,-23509,206121.75,7600,17367.23,219863.2
0.26,0.8,300,100,TRUE,300,-28104,211110.9,7700,18687.09,228228
0.25,0.8,300,100,TRUE,300,-24910,211473.75,7800,18611.93,225572
0.26,0.8,300,100,TRUE,300,-28208,217927.04,7900,18438.73,235596.8
0.26,0.8,300,100,TRUE,300,-25273,211771.72,7900,16001.88,228942.4
0.26,0.8,300,100,TRUE,300,-30667,222447.7,7900,20530.61,240484
0.26,0.8,300,100,TRUE,300,-25156,224062.38,8500,15488.38,242229.6
0.26,0.8,300,100,TRUE,300,-28111,198431.74,7300,19322.36,214520.8
0.26,0.8,300,100,TRUE,300,-30279,213245.06,7800,20788.72,230535.2
0.26,0.8,300,100,TRUE,300,-28845,212287.5,8200,19832.46,229500
0.26,0.8,300,100,TRUE,300,-27181,187823.1,7300,19251.91,203052
0.26,0.8,300,100,TRUE,300,-25512,196290.18,7900,17497.05,212205.6
0.27,0.8,300,100,TRUE,300,-28664,206687.09,7900,16744.46,226506.4
0.27,0.8,300,100,TRUE,300,-26571,208246.37,8500,15101.82,228215.2
0.27,0.8,300,100,TRUE,300,-32939,220353.42,8600,20409.22,241483.2
0.27,0.8,300,100,TRUE,300,-29159,204622.65,7900,17437.2,224244
0.27,0.8,300,100,TRUE,300,-29843,205212.49,8500,18664.76,224890.4
0.27,0.8,300,100,TRUE,300,-31324,202714.43,7700,19585.3,222152.8
0.27,0.8,300,100,TRUE,300,-33022,202558.94,7600,21198.98,221982.4
0.27,0.8,300,100,TRUE,300,-31869,210330.52,8200,19900.32,230499.2
0.27,0.8,300,100,TRUE,300,-29128,207227.29,8100,17357.05,227098.4
0.27,0.8,300,100,TRUE,300,-30009,202123.13,8200,18827.49,221504.8
0.28,0.8,300,100,TRUE,300,-34198,208410.48,8700,19741.17,231567.2
0.28,0.8,300,100,TRUE,300,-31976,204125.04,7800,17095.34,226805.6
0.28,0.8,300,100,TRUE,300,-32625,202736.16,7900,17998.96,225262.4
0.28,0.8,300,100,TRUE,300,-32175,199807.92,7800,17774.21,222008.8
0.28,0.8,300,100,TRUE,300,-29714,199223.28,8100,15677.86,221359.2
0.28,0.8,300,100,TRUE,300,-32928,208108.8,8200,18004.53,231232
0.28,0.8,300,100,TRUE,300,-30455,208499.04,8700,15987.94,231665.6
0.28,0.8,300,100,TRUE,300,-30052,203428.08,8500,15948.52,226031.2
0.28,0.8,300,100,TRUE,300,-33612,204263.28,8100,19016.27,226959.2
0.28,0.8,300,100,TRUE,300,-32190,209734.56,7900,16786.29,233038.4
0.29,0.8,300,100,TRUE,300,-34344,208480.85,8500,16417.26,234908
0.29,0.8,300,100,TRUE,300,-37749,208154.25,8000,19362.78,234540
0.29,0.8,300,100,TRUE,300,-31880,198749.59,8400,15086.71,223943.2
0.29,0.8,300,100,TRUE,300,-36400,200711.32,8300,19257.44,226153.6
0.29,0.8,300,100,TRUE,300,-31561,197511.35,8300,14824.01,222548
0.29,0.8,300,100,TRUE,300,-37050,203445.53,8600,19861.55,229234.4
0.29,0.8,300,100,TRUE,300,-33959,202033.34,8400,16748.79,227643.2
0.29,0.8,300,100,TRUE,300,-36345,208549.01,9000,18909.63,234984.8
0.29,0.8,300,100,TRUE,300,-37151,208967.91,8000,18661.7,235456.8
0.29,0.8,300,100,TRUE,300,-36989,202107.89,8000,19370.11,227727.2
0.3,0.8,300,100,TRUE,300,-38972,203607.6,8300,18185.13,232694.4
0.3,0.8,300,100,TRUE,300,-35361,199105.9,8800,15717.04,227549.6
0.3,0.8,300,100,TRUE,300,-33903,197316,9500,15215.2,225504
0.3,0.8,300,100,TRUE,300,-36712,201471.2,8500,16430.67,230252.8
0.3,0.8,300,100,TRUE,300,-41584,210104.3,8300,19869.52,240119.2
0.3,0.8,300,100,TRUE,300,-36839,202059.2,8900,16873.27,230924.8
0.3,0.8,300,100,TRUE,300,-38343,194831,8800,19310.11,222664
0.3,0.8,300,100,TRUE,300,-40855,205555.7,8200,19689.64,234920.8
0.3,0.8,300,100,TRUE,300,-40657,205144.1,8800,20150.55,234450.4
0.3,0.8,300,100,TRUE,300,-37983,199003,8700,18254.39,227432
0.31,0.8,300,100,TRUE,300,-42103,203671.44,8700,18333.16,236140.8
0.31,0.8,300,100,TRUE,300,-39792,200517.45,8500,16325.67,232484
0.31,0.8,300,100,TRUE,300,-38921,198754.5,8400,15635.74,230440
0.31,0.8,300,100,TRUE,300,-44521,212515.17,9000,19641.95,246394.4
0.31,0.8,300,100,TRUE,300,-41012,197902.35,8600,18062.62,229452
0.31,0.8,300,100,TRUE,300,-45288,205012.11,8900,21504.69,237695.2
0.31,0.8,300,100,TRUE,300,-37091,202758.57,9600,14367.15,235082.4
0.31,0.8,300,100,TRUE,300,-42871,200919.03,8600,19440.62,232949.6
0.31,0.8,300,100,TRUE,300,-38783,191372.19,8100,16374.35,221880.8
0.31,0.8,300,100,TRUE,300,-36284,192425.82,9200,14807.08,223102.4
0.32,0.8,300,100,TRUE,300,-43781,195680.2,8800,18049.31,230212
0.32,0.8,300,100,TRUE,300,-41626,193292.04,8800,16315.17,227402.4
0.32,0.8,300,100,TRUE,300,-46141,203301.64,8800,19063.95,239178.4
0.32,0.8,300,100,TRUE,300,-45715,194520.8,8600,19987.34,228848
0.32,0.8,300,100,TRUE,300,-42103,192188.4,8600,16787.23,226104
0.32,0.8,300,100,TRUE,300,-42421,198882.32,9200,16523.77,233979.2
0.32,0.8,300,100,TRUE,300,-40778,189450.72,9000,16345.36,222883.2
0.32,0.8,300,100,TRUE,300,-42731,195595.2,9400,17613.86,230112
0.32,0.8,300,100,TRUE,300,-44040,205010.48,9700,17561.82,241188.8
0.32,0.8,300,100,TRUE,300,-38646,184277.28,8500,14626.86,216796.8
0.33,0.8,300,100,TRUE,300,-43129,187202.69,9800,16605.63,223525.6
0.33,0.8,300,100,TRUE,300,-50957,208483.23,8900,19405.06,248935.2
0.33,0.8,300,100,TRUE,300,-48801,199814.1,8700,18730.86,238584
0.33,0.8,300,100,TRUE,300,-47867,195132.14,9000,19005.73,232993.6
0.33,0.8,300,100,TRUE,300,-46651,202784.88,9800,17104.36,242131.2
0.33,0.8,300,100,TRUE,300,-51485,198157.19,9000,22036.95,236605.6
0.33,0.8,300,100,TRUE,300,-48415,201655.26,9400,18688.03,240782.4
0.33,0.8,300,100,TRUE,300,-47566,199215.12,8500,17411.91,237868.8
0.33,0.8,300,100,TRUE,300,-52487,201911.2,9000,22310.38,241088
0.33,0.8,300,100,TRUE,300,-49305,206428.34,10100,19351.78,246481.6
0.34,0.8,300,100,TRUE,300,-52864,199186.68,9800,20412.4,241438.4
0.34,0.8,300,100,TRUE,300,-51719,194286.84,9300,19806.16,235499.2
0.34,0.8,300,100,TRUE,300,-51835,192073.86,9000,20092.1,232816.8
0.34,0.8,300,100,TRUE,300,-50534,190146.66,10000,20199.7,230480.8
0.34,0.8,300,100,TRUE,300,-48383,187430.1,9200,17825.57,227188
0.34,0.8,300,100,TRUE,300,-52018,188841.84,9100,21060.46,228899.2
0.34,0.8,300,100,TRUE,300,-47699,187324.5,8800,16763.11,227060
0.34,0.8,300,100,TRUE,300,-50639,197622.48,10000,18719.52,239542.4
0.34,0.8,300,100,TRUE,300,-50508,192613.74,9700,19350.37,233471.2
0.34,0.8,300,100,TRUE,300,-52887,197530.74,10100,21086.77,239431.2
0.35,0.8,300,100,TRUE,300,-49248,186925.05,10000,16111.36,230061.6
0.35,0.8,300,100,TRUE,300,-55334,193443.9,9400,20093.24,238084.8
0.35,0.8,300,100,TRUE,300,-52031,190429.85,10200,18285.25,234375.2
0.35,0.8,300,100,TRUE,300,-56324,199782.05,9800,20020.46,245885.6
0.35,0.8,300,100,TRUE,300,-55068,190231.6,8900,20068.5,234131.2
0.35,0.8,300,100,TRUE,300,-56530,189172.1,8400,21274.75,232827.2
0.35,0.8,300,100,TRUE,300,-54613,193240.45,9900,19919.45,237834.4
0.35,0.8,300,100,TRUE,300,-54190,195440.05,9800,18888.35,240541.6
0.35,0.8,300,100,TRUE,300,-55802,201630.65,9400,18672.33,248160.8
0.36,0.8,300,100,TRUE,300,-59312,191367.68,10000,21470.27,239209.6
0.35,0.8,300,100,TRUE,300,-51458,189491.9,9700,17428.71,233220.8
0.36,0.8,300,100,TRUE,300,-58387,198320.64,9700,18506.72,247900.8
0.36,0.8,300,100,TRUE,300,-55398,189194.88,9900,17999.05,236493.6
0.36,0.8,300,100,TRUE,300,-62118,201122.56,9700,21537.67,251403.2
0.36,0.8,300,100,TRUE,300,-59761,192259.2,9600,21296.28,240324
0.36,0.8,300,100,TRUE,300,-52783,187428.48,10700,16626.2,234285.6
0.36,0.8,300,100,TRUE,300,-60150,196315.52,10500,21571.17,245394.4
0.36,0.8,300,100,TRUE,300,-57367,187442.56,10100,20606,234303.2
0.36,0.8,300,100,TRUE,300,-57820,188040.96,10200,21009.54,235051.2
0.36,0.8,300,100,TRUE,300,-55503,188634.24,10000,18344.43,235792.8
0.37,0.8,300,100,TRUE,300,-63128,191475.27,10300,21759.9,243143.2
0.37,0.8,300,100,TRUE,300,-61045,184824.36,9500,20671.49,234697.6
0.37,0.8,300,100,TRUE,300,-59533,190321.74,10000,18176.43,241678.4
0.37,0.8,300,100,TRUE,300,-61984,185968.44,10400,22202.11,236150.4
0.37,0.8,300,100,TRUE,300,-58636,192546.27,10300,16979.15,244503.2
0.37,0.8,300,100,TRUE,300,-63164,193593.33,10400,21324.5,245832.8
0.37,0.8,300,100,TRUE,300,-65336,199094.49,9800,21412.14,252818.4
0.37,0.8,300,100,TRUE,300,-60699,186840.36,10200,20481.69,237257.6
0.37,0.8,300,100,TRUE,300,-58609,187351.92,10400,18453.85,237907.2
0.37,0.8,300,100,TRUE,300,-58864,185967.81,10400,19082.21,236149.6
0.38,0.8,300,100,TRUE,300,-60406,181953.26,10200,17780.69,234778.4
0.38,0.8,300,100,TRUE,300,-59917,185081.78,10000,16183.83,238815.2
0.38,0.8,300,100,TRUE,300,-64243,185968.38,10100,20352.63,239959.2
0.38,0.8,300,100,TRUE,300,-60462,180061.02,10500,18685.74,232336.8
0.38,0.8,300,100,TRUE,300,-63325,194537.4,10800,17646.05,251016
0.38,0.8,300,100,TRUE,300,-68172,199285.98,10800,21114.37,257143.2
0.38,0.8,300,100,TRUE,300,-60321,188558.12,10500,16078.06,243300.8
0.38,0.8,300,100,TRUE,300,-65755,189117.98,11000,21850.03,244023.2
0.38,0.8,300,100,TRUE,300,-60532,181619.7,10300,18104.08,234348
0.39,0.8,300,100,TRUE,300,-69396,185689.49,10200,21758.65,243527.2
0.38,0.8,300,100,TRUE,300,-61668,190772.14,10900,17182.94,246157.6
0.39,0.8,300,100,TRUE,300,-66679,181606.76,10200,20313.23,238172.8
0.39,0.8,300,100,TRUE,300,-67161,180129.95,10300,21354.6,236236
0.39,0.8,300,100,TRUE,300,-62462,176645.02,10200,17641.66,231665.6
0.39,0.8,300,100,TRUE,300,-68805,187282.81,10400,20871.17,245616.8
0.39,0.8,300,100,TRUE,300,-67833,185718.16,9900,19886.4,243564.8
0.39,0.8,300,100,TRUE,300,-59830,174732.06,11500,16905.02,229156.8
0.39,0.8,300,100,TRUE,300,-68605,191314.91,10600,19615.01,250904.8
0.39,0.8,300,100,TRUE,300,-67127,188351.53,10900,19359.84,247018.4
0.39,0.8,300,100,TRUE,300,-67218,185347.89,11000,20487.09,243079.2
0.4,0.8,300,100,TRUE,300,-67013,179083.8,10900,18218.32,238778.4
0.4,0.8,300,100,TRUE,300,-66257,179751.6,10700,17039.76,239668.8
0.4,0.8,300,100,TRUE,300,-67454,176503.2,10500,19119.52,235337.6
0.4,0.8,300,100,TRUE,300,-70113,179953.2,11200,21328.19,239937.6
0.4,0.8,300,100,TRUE,300,-69216,178617.6,10600,20277.09,238156.8
0.4,0.8,300,100,TRUE,300,-63887,170339.4,10200,17307.23,227119.2
0.4,0.8,300,100,TRUE,300,-71516,187962,11100,19961.62,250616
0.4,0.8,300,100,TRUE,300,-67782,183414.6,10800,17443.85,244552.8
0.4,0.8,300,100,TRUE,300,-69132,189110.4,11500,17595.06,252147.2
0.4,0.8,300,100,TRUE,300,-61618,166506,11100,17215.92,222008
0.41,0.8,300,100,TRUE,300,-73662,184264.67,11000,19075.8,249850.4
0.41,0.8,300,100,TRUE,300,-69998,173598.65,10600,18808.49,235388
0.41,0.8,300,100,TRUE,300,-70711,179964.75,11200,17855.59,244020
0.41,0.8,300,100,TRUE,300,-67866,181636.81,11500,14716.08,246287.2
0.41,0.8,300,100,TRUE,300,-73565,175972.22,10600,21531.07,238606.4
0.41,0.8,300,100,TRUE,300,-72035,177814.2,10900,19645.39,241104
0.41,0.8,300,100,TRUE,300,-74424,177832.49,10900,22027.63,241128.8
0.41,0.8,300,100,TRUE,300,-73607,184609.82,11000,18898.17,250318.4
0.41,0.8,300,100,TRUE,300,-69349,179504.55,11300,16757.95,243396
0.41,0.8,300,100,TRUE,300,-76312,180261.52,10600,22751.25,244422.4
0.42,0.8,300,100,TRUE,300,-73509,175829.32,11200,18014.67,242523.2
0.42,0.8,300,100,TRUE,300,-76416,177445.78,10400,19509.2,244752.8
0.42,0.8,300,100,TRUE,300,-79239,181219.26,11800,22300.63,249957.6
0.42,0.8,300,100,TRUE,300,-73552,177272.36,10600,16910.88,244513.6
0.42,0.8,300,100,TRUE,300,-79100,181088.76,10900,21311.23,249777.6
0.42,0.8,300,100,TRUE,300,-76956,173702.46,10500,21569.07,239589.6
0.42,0.8,300,100,TRUE,300,-82128,187512.84,11700,22702.5,258638.4
0.42,0.8,300,100,TRUE,300,-78683,173505.84,11200,24070.75,239318.4
0.42,0.8,300,100,TRUE,300,-74939,176749.78,10800,18696.36,243792.8
0.42,0.8,300,100,TRUE,300,-78868,180145.1,10900,21436.65,248476
0.43,0.8,300,100,TRUE,300,-79630,180215.19,12200,19111.32,252933.6
0.43,0.8,300,100,TRUE,300,-82031,181857.36,11400,20050.21,255238.4
0.43,0.8,300,100,TRUE,300,-75484,168980.49,10800,18098.95,237165.6
0.43,0.8,300,100,TRUE,300,-77123,171674.88,10700,18550.85,240947.2
0.43,0.8,300,100,TRUE,300,-78360,175187.22,11500,19170.86,245876.8
0.43,0.8,300,100,TRUE,300,-77854,170355.33,11300,20414.1,239095.2
0.43,0.8,300,100,TRUE,300,-74676,172045.38,11500,16754.38,241467.2
0.43,0.8,300,100,TRUE,300,-79094,177623.97,10900,18320.73,249296.8
0.43,0.8,300,100,TRUE,300,-74217,171013.68,11500,16711.9,240019.2
0.43,0.8,300,100,TRUE,300,-75968,174621.21,11100,16606.36,245082.4
0.44,0.8,300,100,TRUE,300,-79037,170839.2,11500,17320.08,244056
0.44,0.8,300,100,TRUE,300,-79416,169155.28,11800,18721.1,241650.4
0.44,0.8,300,100,TRUE,300,-78280,167210.96,11300,17918.6,238872.8
0.44,0.8,300,100,TRUE,300,-82682,174727.84,11700,19498.75,249611.2
0.44,0.8,300,100,TRUE,300,-83064,168984.48,11300,21942.08,241406.4
0.44,0.8,300,100,TRUE,300,-79823,168223.44,11000,18727.6,240319.2
0.44,0.8,300,100,TRUE,300,-81898,173619.04,11900,19389.77,248027.2
0.44,0.8,300,100,TRUE,300,-80242,160805.12,11300,22625.96,229721.6
0.44,0.8,300,100,TRUE,300,-75638,162132.88,11800,17952.82,231618.4
0.44,0.8,300,100,TRUE,300,-84178,177542.96,11700,19788.14,253632.8
0.45,0.8,300,100,TRUE,300,-79458,165908.6,12500,16545.07,241321.6
0.45,0.8,300,100,TRUE,300,-86858,171501.55,12000,20902.76,249456.8
0.45,0.8,300,100,TRUE,300,-84574,168512.3,12200,20177.44,245108.8
0.45,0.8,300,100,TRUE,300,-87411,172108.75,11600,20780.08,250340
0.45,0.8,300,100,TRUE,300,-78258,160292,11400,16798.01,233152
0.45,0.8,300,100,TRUE,300,-81122,166620.3,11600,16985.38,242356.8
0.45,0.8,300,100,TRUE,300,-83175,163464.4,11400,20273.46,237766.4
0.45,0.8,300,100,TRUE,300,-88723,178245.65,11500,19202.34,259266.4
0.45,0.8,300,100,TRUE,300,-85316,169367,11500,19830.95,246352
0.45,0.8,300,100,TRUE,300,-82942,166943.7,11700,18758.09,242827.2
0.46,0.8,300,100,TRUE,300,-93604,174430.8,11900,21518.84,258416
0.46,0.8,300,100,TRUE,300,-94034,177073.02,12100,20876.95,262330.4
0.46,0.8,300,100,TRUE,300,-91608,171467.82,11400,20449.43,254026.4
0.46,0.8,300,100,TRUE,300,-87183,165160.62,12100,19761.29,244682.4
0.46,0.8,300,100,TRUE,300,-87946,168170.04,12200,19175.57,249140.8
0.46,0.8,300,100,TRUE,300,-92647,171857.16,12000,21901.36,254603.2
0.46,0.8,300,100,TRUE,300,-89036,166757.94,12200,20944.96,247048.8
0.46,0.8,300,100,TRUE,300,-87591,163630.26,11700,20506.46,242415.2
0.46,0.8,300,100,TRUE,300,-84359,163368.36,12200,17900.64,242027.2
0.46,0.8,300,100,TRUE,300,-89359,171461.34,11700,18503.4,254016.8
0.47,0.8,300,100,TRUE,300,-94459,166387.67,12700,22395.03,251151.2
0.47,0.8,300,100,TRUE,300,-88790,161269.46,12200,18833.67,243425.6
0.47,0.8,300,100,TRUE,300,-83904,154911.58,12000,16986.32,233828.8
0.47,0.8,300,100,TRUE,300,-89749,161567.85,12100,19540.73,243876
0.47,0.8,300,100,TRUE,300,-92498,160406.62,11900,22681.91,242123.2
0.47,0.8,300,100,TRUE,300,-88802,160404.5,12400,19486.55,242120
0.47,0.8,300,100,TRUE,300,-91262,160858.71,12200,21515.13,242805.6
0.47,0.8,300,100,TRUE,300,-88057,156267.32,11500,19949.52,235875.2
0.47,0.8,300,100,TRUE,300,-91481,165228.56,12400,19707.58,249401.6
0.47,0.8,300,100,TRUE,300,-91206,164249.65,12000,19531.55,247924
0.48,0.8,300,100,TRUE,300,-89583,158012.92,12400,16899.14,243096.8
0.48,0.8,300,100,TRUE,300,-91840,161398.64,12600,17532.93,248305.6
0.48,0.8,300,100,TRUE,300,-89809,155923.04,12500,18350.6,239881.6
0.48,0.8,300,100,TRUE,300,-94441,169291.2,13400,16684.6,260448
0.48,0.8,300,100,TRUE,300,-90073,157914.12,13000,18042.6,242944.8
0.48,0.8,300,100,TRUE,300,-99641,165292.92,12900,23537.03,254296.8
0.48,0.8,300,100,TRUE,300,-95122,161492.76,12500,20664.84,248450.4
0.48,0.8,300,100,TRUE,300,-88660,155037.48,12300,17478.52,238519.2
0.48,0.8,300,100,TRUE,300,-96081,162712.68,11700,20166.2,250327.2
0.48,0.8,300,100,TRUE,300,-92240,159416.92,11800,18199.63,245256.8
0.49,0.8,300,100,TRUE,300,-102522,165817.83,12700,20933.48,260106.4
0.49,0.8,300,100,TRUE,300,-96600,154974.72,12900,21376.64,243097.6
0.49,0.8,300,100,TRUE,300,-98399,162188.67,12700,18874.11,254413.6
0.49,0.8,300,100,TRUE,300,-94034,151499.07,12700,20586.98,237645.6
0.49,0.8,300,100,TRUE,300,-95570,156328.26,12600,19277.95,245220.8
0.49,0.8,300,100,TRUE,300,-93518,155476.56,12800,17909.6,243884.8
0.49,0.8,300,100,TRUE,300,-93828,154976.76,12700,18404.34,243100.8
0.49,0.8,300,100,TRUE,300,-92683,150559.65,12600,19670.94,236172
0.49,0.8,300,100,TRUE,300,-92547,155533.17,12500,16607.01,243973.6
0.49,0.8,300,100,TRUE,300,-96166,155957.49,12400,19884.18,244639.2
0.5,0.8,300,100,TRUE,300,-100877,155053.5,12500,20345.22,248085.6
0.5,0.8,300,100,TRUE,300,-97765,156586.5,12800,16612.78,250538.4
0.5,0.8,300,100,TRUE,300,-96210,149862,12600,18893.2,239779.2
0.5,0.8,300,100,TRUE,300,-96874,152630,12400,17695.79,244208
0.5,0.8,300,100,TRUE,300,-98488,152176.5,12100,19282.02,243482.4
0.5,0.8,300,100,TRUE,300,-102876,158275.5,12600,20510.58,253240.8
0.5,0.8,300,100,TRUE,300,-104979,158072,12400,22535.92,252915.2
0.5,0.8,300,100,TRUE,300,-101820,153764,11800,21361.56,246022.4
0.5,0.8,300,100,TRUE,300,-98765,157891.5,13100,17129.6,252626.4
0.5,0.8,300,100,TRUE,300,-101969,149703.5,12600,24746.67,239525.6
